,photo_id,tag,title,image_url
0,49687477058,"['bologna', 'cittàmetropolitanadibologna', 'italia', 'panasoniclumixdmcgx9', 'panasonic', 'lumix', 'dmcgx9', 'mzuikodigitaled124028', 'market', 'marché', 'mercato', 'bazar', 'bazaar', 'portici', 'arcades', 'soportales', 'volte', 'archi', 'arch', 'porticos', 'piazza', 'place', 'square', 'plaza', 'centrostorico', 'zentrum', 'centreville', 'centromedievale', 'centremédiéval', 'medievalcenter', 'centromedieval', 'città', 'ville', 'city', 'stadt', 'town', 'ciudad', 'photographiederue', 'streetphotography', 'fotografiaderua', 'photosdelavie', 'escenacallejera', 'italy', 'italie', 'emiliaromagna', 'portico', 'mercatinoantiquario', 'antiquariato', 'brocante', 'europe', 'europa', 'piazzasantostefano']",Bologna (Italy) - Mercatino antiquario di Piazza Santo Stefano,https://www.flickr.com/photos/bat21bat21/49687477058/
1,49687459658,[],Società Subalpina di Imprese Ferroviarie SSIF  Domo Vigezzina Italia 14 februari 2019,https://www.flickr.com/photos/leospee/49687459658/
2,49688296067,[],Società Subalpina di Imprese Ferroviarie SSIF 16 Domo Vigezzina Italia 14 februari 2019,https://www.flickr.com/photos/leospee/49688296067/
3,49688295447,[],"Ternitalia, Oristano, Sardinie Italie 18 april 2017",https://www.flickr.com/photos/leospee/49688295447/
4,49688295097,[],Trenintalia Venezia S. Lucia 23 februari 2020,https://www.flickr.com/photos/leospee/49688295097/
5,49688294057,[],Trenitalia Ragusa Sicilië Italië 12 april 2018,https://www.flickr.com/photos/leospee/49688294057/
6,49687990406,[],Trenitalia Taormina Sicilië Italië 6 april 2018,https://www.flickr.com/photos/leospee/49687990406/
7,49687456473,[],"Trenitalia, Ozieri-Chilivani, Sardinie Italie 12 april 2017",https://www.flickr.com/photos/leospee/49687456473/
8,49688293142,[],"Trenitalia, Ozieri-Chilivani, Sardinie Italie 12 april 2017",https://www.flickr.com/photos/leospee/49688293142/
9,49687989261,[],"Trenitalia, Ozieri-Chilivani, Sardinie Italie 12 april 2017",https://www.flickr.com/photos/leospee/49687989261/
10,49687978206,"['boat', 'bridge', 'beach', 'streetlights', 'blackandwhite', 'bw', 'monochrome', 'sonyalpha77', 'outdoor', 'versilia', 'toscana', 'travel', 'mountains', 'alpiapuane', 'sand', 'landscape', 'sea', 'seascape']",Barca sulla spiaggia di Marina di Pietrasanta in bianco e nero,https://www.flickr.com/photos/darea62/49687978206/
11,49687441273,"['water', 'waterfall', 'waterfalls', 'raysoflight', 'raggidiluce', 'luce', 'italy', 'italia', 'd90', 'nikon', 'landscape', 'acqua', 'cascata', 'varese', 'natura', 'nature', 'trallo', 'fiumetrallo', 'torrentetrallo', 'brusimpiano']",Trallo river - Italy,https://www.flickr.com/photos/alfaluna/49687441273/
12,49687434963,"['img0004', '30092019', 'slovenië', 'slovenia', 'slovenija', 'словения', 'piran', 'пиран', 'pirano', '©ditissuzanne', 'canoneos40d', 'tamron18200mmf3563diiivc', 'wandeling', 'walk', 'прогулка', 'бабьелето', 'nazomer', 'indiansummer', 'zonsondergang', 'sunset', 'закатсолнца', 'piranskisvetilnik', 'cerkevsvklementaalisvmarijezdravja', 'piranlighthouse', 'stclementorourladyofhealthchurch', 'punta', 'puntalighthouse', 'cerkevsvklementa', 'cerkevsvmarijezdravja', 'piranlighthhouse', 'stclementchurch', 'ourladyofhealthchurch', 'маякпирана', 'vuurtorenvanpiran', 'sintclementkerk', 'церковьсвклемента', 'церковьмарии–подательницыздоровья', 'gulfofpiran', 'piranbay', 'piranskizaliv', 'piranskizaljev', 'savudrijskavala', 'baiadipirano', 'gulfoftrieste', 'golfoditrieste', 'tržaškizaliv', 'tršćanskizaljev', 'golfvontriest', 'kerk', 'church', 'церковь', 'маяк', 'lighthouse', 'vuurtoren']",*,https://www.flickr.com/photos/ditissuzanne/49687434963/
13,49687412123,"['italia', 'puglia', 'trainspoig', 'trainspo', 'e483', 'locomotiva', 'locomotivaelettrica', 'locomotivae483', 'traxxe483', 'traxxdc', 'traxx', 'traxxf140dc', 'bombardier', 'bombardiervl', 'bombardiertraxx', 'bombardiere483', 'traxx2e', 'giovinazzo', 'foggiabari', 'it', 'itgtsr', 'gtsr', 'gtsrail', 'e483055', 'livreagtsr', 'gtse403', 'gtsre483', 'e483060', 'gtsre483060', 'gtse483060', 'e483060apulia', 'tcs65021', '65021', 'tcs']",E483.060,https://www.flickr.com/photos/iannelli_giorgio/49687412123/
14,49682988083,"['dog', 'dogsitter', 'cani', 'pontevecchio', 'firenze', 'florence', 'inverno', 'passeggiata', 'cane', 'dogs', 'sguardi']",Dog sitter,https://www.flickr.com/photos/60712898@N05/49682988083/
15,49648795477,[],Cavaliere d'Italia in controluce,https://www.flickr.com/photos/60712898@N05/49648795477/
16,49578569747,"['milano', 'lombardia', 'dome', 'night', 'orianaitaly', 'blackandwhite']",Lombardia - corona-virus killer is here,https://www.flickr.com/photos/orianaitaly/49578569747/
17,49688260907,[],_DSC5168,https://www.flickr.com/photos/138244502@N06/49688260907/
18,49687408613,[],"So..... on my Trip from Genova to Palermo we had 4 Stow aways, Feel free to inform me as to what Breed they are Please....",https://www.flickr.com/photos/p300njb/49687408613/
19,49687941586,[],"So..... on my Trip from Genova to Palermo we had 4 Stow aways, Feel free to inform me as to what Breed they are Please....",https://www.flickr.com/photos/p300njb/49687941586/
20,49687404908,"['milano', 'allaperto', 'italia', 'lombardia', 'streetphotography', 'streets']",Darkness on the edge of town,https://www.flickr.com/photos/143011210@N02/49687404908/
21,49687383018,"['france', 'auron', 'parcnationaldumercantour', 'provencealpescã´tedazur', 'landscape', 'paysage', 'fujifilmxt20', 'xt20', 'tree', 'forest', 'montagne', 'mountainside', 'sky', 'ciel', 'cloud', 'provencealpescôtedazur', 'slopes']","Auron, Station de ski du Mercantour",https://www.flickr.com/photos/93476924@N03/49687383018/
22,49687915726,"['oca', 'ocafacciabianca', 'uccelli', 'uccello', 'birds', 'ornitologia', 'avifauna', 'anseriformi', 'racconigi', 'natura']",Oca _051 Oca facciabianca,https://www.flickr.com/photos/rolando_criniti/49687915726/
23,49688206092,"['e186', 'cti', 'bls', 'cargo', 'tec', 'domoii', 'melzo', 'scalo', 'premosello', 'chiovenda']",E186.107 CTI,https://www.flickr.com/photos/183142071@N05/49688206092/
24,49687875796,"['img9593', '30092019', 'slovenië', 'slovenia', 'slovenija', 'словения', 'piran', 'пиран', '©ditissuzanne', 'canoneos40d', 'tamron18200mmf3563diiivc', 'wandeling', 'walk', 'прогулка', 'бабьелето', 'nazomer', 'indiansummer', 'sticker', 'наклейка', 'graffiti', 'граффити', 'streetart', 'стритарт', 'letter', 'буква', 'everylittlethingisgonnabealright', 'approximategeotag', 'geotagbijbenadering']",Every little thing is gonna be alright,https://www.flickr.com/photos/ditissuzanne/49687875796/
25,49688179472,"['img9609', '30092019', 'slovenië', 'slovenia', 'slovenija', 'словения', 'piran', 'пиран', '©ditissuzanne', 'canoneos40d', 'tamron18200mmf3563diiivc', 'wandeling', 'walk', 'прогулка', 'бабьелето', 'nazomer', 'indiansummer', 'cijfer', 'number', 'цифра', '7', 'fiets', 'bicycle', 'bike', 'велосипед', 'дверь', 'door', 'deur', 'brievenbus', 'letterbox', 'почтовыйящик']",7,https://www.flickr.com/photos/ditissuzanne/49688179472/
26,49686873401,"['dslr', 'apsc', 'canoneosrebelt5i', 'canonefs1018mmf4556isstm', 'photoshoplightroom', 'europe', 'vaticancity', 'vatican', 'museum', 'staircase', 'spiral', 'steps', 'people', 'tp', 'wyab']",Vatican Staircase,https://www.flickr.com/photos/hpfilho/49686873401/
27,49687359148,[],siluete 2,https://www.flickr.com/photos/mirelr/49687359148/
28,49687877096,[],IMG_20200322_142824989~2,https://www.flickr.com/photos/141514273@N07/49687877096/
29,49687860146,"['auto', 'pkw', 'kraftfahrzeug', 'toyota', 'landcruiser', 'geländewagen', '4x4', '3türer']",2018 Toyota Landcruiser J15 3T Front,https://www.flickr.com/photos/102604676@N07/49687860146/
30,49687326698,"['auto', 'pkw', 'kraftfahrzeug', 'toyota', 'landcruiser', 'geländewagen', '4x4', '3türer']",2018 Toyota Landcruiser J15 3T Heck,https://www.flickr.com/photos/102604676@N07/49687326698/
31,49687328298,"['stephenmakin', 'march', 'nikond3300', '2020', 'italy', 'lazio', 'rome', 'roma', 'italia', 'travel', 'river', 'tiber', 'castle']",Rome from the Castel Sant'Angelo,https://www.flickr.com/photos/steveinleightonsphotos/49687328298/
32,49687849681,['coronavirus'],Repetita iuvant,https://www.flickr.com/photos/magister111/49687849681/
33,49687304508,"['stephenmakin', 'march', 'nikond3300', '2020', 'italy', 'lazio', 'rome', 'roma', 'italia', 'bridge', 'statue', 'travel', 'rain', 'tourist', 'roman']","On the Ponte Sant'Angelo, Rome",https://www.flickr.com/photos/steveinleightonsphotos/49687304508/
34,49687233413,"['malta', 'cliffs', 'fawwara', 'blackandwhite', 'blackandwhitephotos', 'blackwhite', 'bw', 'bn', 'troglodyte', 'cliff']",Cliff House,https://www.flickr.com/photos/albireo2006/49687233413/
35,49687232998,"['arno', 'riverarno', 'river', 'reflection', 'reflections', 'firenze', 'florence', 'toscana', 'tuscany', 'italia', 'italy']",Arno Reflections,https://www.flickr.com/photos/albireo2006/49687232998/
36,49687232518,"['malta', 'cliffs', 'fawwara', 'cliff', 'gebelciantar', 'rdumhurrieqa']",Cliffs,https://www.flickr.com/photos/albireo2006/49687232518/
37,49687302318,"['stephenmakin', 'march', 'nikond3300', '2020', 'italy', 'lazio', 'rome', 'roma', 'italia', 'bridge', 'river', 'travel', 'castle', 'roman', 'tiber', 'rain']",Ponte Sant'Angelo,https://www.flickr.com/photos/steveinleightonsphotos/49687302318/
38,49687827246,"['stephenmakin', 'march', 'nikond3300', '2020', 'italy', 'lazio', 'rome', 'roma', 'italia', 'bridge', 'river', 'travel', 'castle', 'roman', 'tiber', 'rain', 'tourist']",Ponte Sant'Angelo,https://www.flickr.com/photos/steveinleightonsphotos/49687827246/
39,49687826291,"['29092019', 'img8990', 'slovenië', 'slovenia', 'slovenija', 'словения', 'predjama', 'предяма', '©ditissuzanne', 'canoneos40d', 'tamron18200mmf3563diiivc', 'predjamskigrad', 'predjamacastle', 'castellueghi', 'höhlenburgpredjama', 'castillodepredjama', 'châteaudepredjama', 'предъямскийзамок', 'predjamakalesi', '洞窟城堡', 'kasteel', 'castle', 'замок', 'предямськийзамок', 'kasteelpredjama', 'предјамскизамак', 'предјамскиград', 'predjamskidvorac']",Predjamski grad | Predjama Castle | Предъямский замок,https://www.flickr.com/photos/ditissuzanne/49687826291/
40,49688059542,"['29092019', 'img8960', 'slovenië', 'slovenia', 'slovenija', 'словения', 'predjama', 'предяма', '©ditissuzanne', 'canoneos40d', 'tamron18200mmf3563diiivc', 'predjamskigrad', 'predjamacastle', 'castellueghi', 'höhlenburgpredjama', 'castillodepredjama', 'châteaudepredjama', 'предъямскийзамок', 'predjamakalesi', '洞窟城堡', 'kasteel', 'castle', 'замок', 'предямськийзамок', 'kasteelpredjama', 'предјамскизамак', 'предјамскиград', 'predjamskidvorac']",Predjamski grad | Predjama Castle | Предъямский замок,https://www.flickr.com/photos/ditissuzanne/49688059542/
41,49687688991,"['img8951', '29092019', 'slovenië', 'slovenia', 'slovenija', 'словения', 'predjama', 'предяма', '©ditissuzanne', 'canoneos40d', 'tamron18200mmf3563diiivc', 'predjamskigrad', 'predjamacastle', 'castellueghi', 'höhlenburgpredjama', 'castillodepredjama', 'châteaudepredjama', 'предъямскийзамок', 'predjamakalesi', '洞窟城堡', 'kasteel', 'castle', 'замок', 'предямськийзамок', 'kasteelpredjama', 'предјамскизамак', 'предјамскиград', 'predjamskidvorac']",Predjamski grad | Predjama Castle | Предъямский замок,https://www.flickr.com/photos/ditissuzanne/49687688991/
42,49688021127,[],BROADWAY DANCE STUDIO N. 75,https://www.flickr.com/photos/64148082@N02/49688021127/
43,49687717656,[],BROADWAY DANCE STUDIO N. 74,https://www.flickr.com/photos/64148082@N02/49687717656/
44,49688019717,[],BROADWAY DANCE STUDIO N. 73,https://www.flickr.com/photos/64148082@N02/49688019717/
45,49687716491,"['lingrimpoce', 'pomaia', 'istitutolamatzongkhapa', 'tibetanbuddhism', 'buddhismo', 'buddhism', 'buddhismotibetano']",DSC_5235,https://www.flickr.com/photos/tenzinosel/49687716491/
46,49687716411,[],BROADWAY DANCE STUDIO N. 72,https://www.flickr.com/photos/64148082@N02/49687716411/
47,49688018802,[],BROADWAY DANCE STUDIO N. 71 N.,https://www.flickr.com/photos/64148082@N02/49688018802/
48,49687164333,"['raccordo', 'raccordoferroviario', 'terminal', 'terminalintermodale', 'interporto', 'retroporto', 'melzo', 'scalo', 'railhubmilano', 'ldh70', 'faur', 'malaxa', 'cfr', 'oceanogate', 'contship', 'locomotiva', 'locomotore', 'locomotive', 'diesel', 'train', 'treno', 'trenomerci', 'freighttrain']",Rail Hub Milano,https://www.flickr.com/photos/mdeste96/49687164333/
49,49687007198,"['reflection', 'canal', 'venice']",19,https://www.flickr.com/photos/165579238@N08/49687007198/
50,49684618167,"['conchiglia', 'pansè', 'guscio', 'spirale', 'fiore', 'flower', 'flor', 'blume', 'fleur', 'coquille', 'schale', 'càscara', 'macro', 'macrofotografia', 'composizione', 'canon', 'eos6dmarkii', '6dmarkii', 'canoneos6dmarkii', 'canon6dmarkii', 'franco600d']",E' SGUSCIATA LA PRIMAVERA.,https://www.flickr.com/photos/64148082@N02/49684618167/
51,49683506231,"['ud', 'udine', 'castelletto', 'castellettomalignani', 'arturomalignani', 'colledelcastellodiudine', 'panorama', 'paesaggio', 'landscape', 'fvg', 'friuli', 'friuliveneziagiulia', 'città', 'smartphone', 'samsung', 'note4', 'franco600d', '1001nightsthenew']",UDINE. IL CASTELLETTO MALIGNANI.,https://www.flickr.com/photos/64148082@N02/49683506231/
52,49687668771,"['girl', 'smile', 'pomaia', 'majorette', 'blackhair', 'tuscany']",DSC_5344,https://www.flickr.com/photos/tenzinosel/49687668771/
53,48219836437,"['leicam9p', 'leica', 'm9p', 'rangefinder', 'streetphotography', '35mm', 'leicam', 'autaut', 'candid', 'strangers', 'leicaelmarit28mmf28iii', 'elmarit28mmf28iii', 'elmarit', '28mm', 'seaside', 'tan', 'sand', 'women', 'man', 'woman', 'colonnaspezzata', 'priest', 'religion', 'baptism', 'water', 'jesus']",(Testify),https://www.flickr.com/photos/72064726@N08/48219836437/
54,49687053423,[],Sertig,https://www.flickr.com/photos/100283598@N02/49687053423/
55,49687887487,"['puglia', 'salento']",Salento,https://www.flickr.com/photos/recondoontheroad/49687887487/
56,49687585706,"['puglia', 'salento', 'otranto']",Otranto,https://www.flickr.com/photos/recondoontheroad/49687585706/
57,49687887242,"['puglia', 'salento']",Panoramica costa del Salento,https://www.flickr.com/photos/recondoontheroad/49687887242/
58,49687585516,"['puglia', 'salento']",Salento (2),https://www.flickr.com/photos/recondoontheroad/49687585516/
59,49687052408,"['puglia', 'salento']",Salento (3),https://www.flickr.com/photos/recondoontheroad/49687052408/
60,49687052218,"['puglia', 'salento']",Torre nel Salento,https://www.flickr.com/photos/recondoontheroad/49687052218/
61,49687886862,"['puglia', 'lecce']",Lecce (3),https://www.flickr.com/photos/recondoontheroad/49687886862/
62,49687052048,"['puglia', 'lecce']",Lecce (2),https://www.flickr.com/photos/recondoontheroad/49687052048/
63,49687584901,"['puglia', 'lecce']",Lecce,https://www.flickr.com/photos/recondoontheroad/49687584901/
64,49687881722,"['venice', 'provinceofvenice', 'italy', 'andreyabiku', 'yabiku', 'europa', 'europe', 'dog', 'streetphotography', 'stphotographia']","the captain - Venice, Italy",https://www.flickr.com/photos/andre_yabiku/49687881722/
65,49687575101,"['sacro', 'monte', 'oropa', 'jvan', 'lunardi']",Santuario di Oropa,https://www.flickr.com/photos/151830306@N03/49687575101/
66,49687537816,"['fiume', 'river', 'arno', 'marinadipisa', 'mare', 'sea', 'fisherhouse', 'retoni', 'rocce', 'rocks', 'acqua', 'water', 'toscana', 'tuscany', 'italia', 'italy', 'montagne', 'mountains', 'rubiliani', 'robertorubiliani', 'canon', 'eos6d', 'fullframe', 'travel', 'viaggio', 'pisa', 'inverno', 'winter', 'nature', 'natura', 'boccadarno', 'arnomouth', 'reflex']",Where the River Ends,https://www.flickr.com/photos/roberto_rubiliani/49687537816/
67,49687022568,[],auto carlo san luca,https://www.flickr.com/photos/mirkenhauer/49687022568/
68,49687506056,"['udine', 'nuvole', 'clouds', 'iorestoacasa']",Day #11,https://www.flickr.com/photos/28013481@N06/49687506056/
69,49687494701,[],Vita in laguna,https://www.flickr.com/photos/attimidinatura/49687494701/
70,49686879448,"['dubrovnik', 'mare', 'porto', 'adriatico', 'barche', 'nuvole', 'croazia']",Dubrovnik mare,https://www.flickr.com/photos/piave50it/49686879448/
71,49687798447,[],It's a hard life....,https://www.flickr.com/photos/78140489@N07/49687798447/
72,49687797437,"['piombino', 'street']",STRANGERS IN TOWN,https://www.flickr.com/photos/fadelzo/49687797437/
73,49687495831,"['firenze', 'street']",PRADA,https://www.flickr.com/photos/fadelzo/49687495831/
74,49687795222,[],Davanti casa e vista dal terrazzo.,https://www.flickr.com/photos/vetusta_locas/49687795222/
75,49686961048,[],Davanti casa e vista dal terrazzo.,https://www.flickr.com/photos/vetusta_locas/49686961048/
76,49686960923,[],Davanti casa e vista dal terrazzo.,https://www.flickr.com/photos/vetusta_locas/49686960923/
77,49686960773,[],Davanti casa e vista dal terrazzo.,https://www.flickr.com/photos/vetusta_locas/49686960773/
78,49687493026,[],Davanti casa e vista dal terrazzo.,https://www.flickr.com/photos/vetusta_locas/49687493026/
79,49686960448,[],Davanti casa e vista dal terrazzo.,https://www.flickr.com/photos/vetusta_locas/49686960448/
80,49687492886,[],Davanti casa e vista dal terrazzo.,https://www.flickr.com/photos/vetusta_locas/49687492886/
81,49687794412,[],Davanti casa e vista dal terrazzo.,https://www.flickr.com/photos/vetusta_locas/49687794412/
82,49687492721,[],Davanti casa e vista dal terrazzo.,https://www.flickr.com/photos/vetusta_locas/49687492721/
83,49687491846,[],Davanti casa e vista dal terrazzo.,https://www.flickr.com/photos/vetusta_locas/49687491846/
84,49686944063,[],Every day one shot!,https://www.flickr.com/photos/malioli/49686944063/
85,49687446221,"['corse', 'corsica']",Quand la mer se déchaine,https://www.flickr.com/photos/182942500@N02/49687446221/
86,49687696192,"['nagyistván', 'sliema', 'malta', 'nagyistvan8', 'nagyistvan88', 'város', 'city', 'épület', 'building', 'építészet', 'architect', 'architecture', 'részlet', 'detail', 'alakzat', 'alak', 'forma', 'formation', 'form', 'extreme', 'special', 'különleges', 'spectacle', 'látványosság', 'híres', 'famous', 'szerkezet', 'struktúra', 'structure', 'construction', 'háttérkép', 'background', 'földközitenger', 'mediterranean', 'sea', 'tenger', 'víz', 'water', 'színek', 'colors', 'fekete', 'fehér', 'barna', 'szürke', 'sárga', 'kék', 'blue', 'black', 'white', 'yellow', 'brown', 'grey', 'templom', 'church', 'panorama', 'látkép', 'skyline', 'skyscrapers', 'égbolt', 'sky', 'hajó', 'boat', 'daru', 'crane', '2019', 'nikon']",Sliema Skyline / Malta,https://www.flickr.com/photos/186269826@N02/49687696192/
87,49687752807,"['italia', 'italy', 'venezia', 'venice', 'burano', 'veneto']","Burano, Italy",https://www.flickr.com/photos/georgechamoun1984/49687752807/
88,49687728712,"['alps', 'canon', 'canoneos7d', 'colledimorti', 'collefauniera', 'daytime', 'italy', 'italianalps', 'landscape', 'mountains', 'nature', 'pass', 'provinciadipiemont', 'roadtripalpin', 'rocks', 'stackedimages', 'stones', 'tokina']",The Only Way Down (U41),https://www.flickr.com/photos/darblanc/49687728712/
89,49686502788,"['resurrection', 'christ', 'jesus', 'roman', 'soldiers', 'centurions', 'drawing', 'cartoon', 'school', 'raphael', 'workshop', 'pieter', 'van', 'aelst', 'tapestry', 'gallery', 'galleria', 'degli', 'arazzi', 'tapestries', 'scuola', 'nuova', 'new', 'scenes', 'life', 'resurrected', 'textile', 'travel', 'tourist', 'people', 'museum', 'musei', 'vaticani', '松果喷泉', 'vaticano', 'vatican', '梵蒂冈', '博物馆', 'urban', 'rome', '羅馬', '罗马', 'roma', 'italia', '意大利', 'italy', 'sony', 'rx100', 'rx100va', 'rx100m5', 'rx100m5a']",A Roman Centurion,https://www.flickr.com/photos/justaslice/49686502788/
90,49687034991,"['resurrection', 'christ', 'jesus', 'roman', 'soldiers', 'centurions', 'tomb', 'drawing', 'cartoon', 'school', 'raphael', 'workshop', 'pieter', 'van', 'aelst', 'tapestry', 'gallery', 'galleria', 'degli', 'arazzi', 'tapestries', 'scuola', 'nuova', 'new', 'scenes', 'life', 'resurrected', 'textile', 'travel', 'tourist', 'people', 'museum', 'musei', 'vaticani', '松果喷泉', 'vaticano', 'vatican', '梵蒂冈', '博物馆', 'urban', 'rome', '羅馬', '罗马', 'roma', 'italia', '意大利', 'italy', 'sony', 'rx100', 'rx100va', 'rx100m5', 'rx100m5a']",The Resurrection of Our Lord,https://www.flickr.com/photos/justaslice/49687034991/
91,49687335632,"['resurrection', 'christ', 'jesus', 'tomb', 'drawing', 'cartoon', 'school', 'raphael', 'workshop', 'pieter', 'van', 'aelst', 'tapestry', 'gallery', 'galleria', 'degli', 'arazzi', 'tapestries', 'scuola', 'nuova', 'new', 'scenes', 'life', 'resurrected', 'textile', 'travel', 'tourist', 'people', 'museum', 'musei', 'vaticani', '松果喷泉', 'vaticano', 'vatican', '梵蒂冈', '博物馆', 'urban', 'rome', '羅馬', '罗马', 'roma', 'italia', '意大利', 'italy', 'sony', 'rx100', 'rx100va', 'rx100m5', 'rx100m5a']",The Resurrection of Our Lord,https://www.flickr.com/photos/justaslice/49687335632/
92,49687415221,"['corse', 'cargese', 'corsica', 'pentax']",Cargèse,https://www.flickr.com/photos/olivierfaugeras/49687415221/
93,49686880263,['mosso'],Questi strani giorni (1),https://www.flickr.com/photos/37797486@N06/49686880263/
94,49687409001,"['20190826112828glc0712nikond85015mmdxo', 'glcphotos', 'nikon', 'd850', 'fx', 'full', 'frame', '45mpixel', 'irix', '15mm', 'f24', 'blackstone', 'mont', 'buet', 'randonnée', 'haute', 'savoie', 'chamonix', 'blanc', 'mountain', 'france', 'french', 'alpes', 'alps']",Sur le chemin du mont Buet,https://www.flickr.com/photos/glc_photos/49687409001/
95,49686841218,"['e191', 'inrail', 'locoitalia', 'euc', 'metrocargo', 'freight', 'trains', 'trainspotters', 'siemens', 'vectron', 'piemonte', 'pianura']",E 191 101 INR Savigliano 04/03/2020,https://www.flickr.com/photos/160543704@N07/49686841218/
96,49686503183,"['resurrection', 'christ', 'jesus', 'right', 'foot', 'nail', 'nailed', 'stigmata', 'holy', 'wound', 'drawing', 'cartoon', 'school', 'raphael', 'workshop', 'pieter', 'van', 'aelst', 'tapestry', 'gallery', 'galleria', 'degli', 'arazzi', 'tapestries', 'scuola', 'nuova', 'new', 'scenes', 'life', 'resurrected', 'textile', 'travel', 'tourist', 'people', 'museum', 'musei', 'vaticani', '松果喷泉', 'vaticano', 'vatican', '梵蒂冈', '博物馆', 'urban', 'rome', '羅馬', '罗马', 'roma', 'italia', '意大利', 'italy', 'sony', 'rx100', 'rx100va', 'rx100m5', 'rx100m5a']",Christ's Right Foot,https://www.flickr.com/photos/justaslice/49686503183/
97,49679713888,"['mare', 'sea', 'ocean', 'blue', 'azzurro', 'azul', 'azure', 'turquoise', 'minimal', 'horizon', 'orizzonte', 'horizonte', 'infinite', 'solidude', 'soledad', 'solitudne', 'persona', 'polignano', 'puglia', 'mediterraneo', 'adriatico', 'apulia', 'italy', 'italia', 'cielo', 'sky']",Bounded by a propitious sky,https://www.flickr.com/photos/14950906@N07/49679713888/
98,49687363486,"['gorzente', 'alessandria', 'bosio', 'capannemarcarolo', 'nuvole', 'nebbia', 'parconaturaleregionalecapannemarcarolo', 'valgorzente', 'inverno', 'pini', 'alberi', 'piemonte', 'parco', 'naturale', 'regionale', 'zigzag', 'bn', 'bianconero']",Capanne di Marcarolo_026_Colla Montemoro_Nebbia_01-19,https://www.flickr.com/photos/79892371@N08/49687363486/
99,49687346916,"['piombino', 'street']",DISCOUNTS,https://www.flickr.com/photos/fadelzo/49687346916/
100,49686810648,"['piombino', 'street']",CROSS SELLING,https://www.flickr.com/photos/fadelzo/49686810648/
101,49687327331,[],Duomo Metro,https://www.flickr.com/photos/acritely/49687327331/
102,49687602412,"['sz', 'slovenske', 'železnice', 'ormož', 'drau', 'drava', 'moped', '342', '342010', 'mv', '247', 'citadella']",SZ 342 010 Ormož,https://www.flickr.com/photos/150392294@N06/49687602412/
103,49687611022,[],Galleria Vittorio Emanuele Pano - 2020 remake,https://www.flickr.com/photos/acritely/49687611022/
104,49686755958,[],TENTAZIONI ALLE SPALLE,https://www.flickr.com/photos/fadelzo/49686755958/
105,49686749683,"['iphone', 'italia', 'sicilia', 'sicily', 'noto', 'provinciadisiracusa', 'donne', 'women', 'back', 'sea', 'beach', 'spiaggia', 'mare', 'italy']",©enzomarcantonio-13,https://www.flickr.com/photos/enzomarcantonio/49686749683/
106,49686743363,"['flowers', 'spring', 'yellow', 'closeup']",Dream in Yellow 2,https://www.flickr.com/photos/105315767@N06/49686743363/
107,49687556042,"['blanc', 'bougeoir', 'bougie', 'brun', 'ceramique', 'geko', 'grenouille', 'objets', 'packshot', 'studio', 'vert', 'zen']",Restons zen,https://www.flickr.com/photos/philippe_belaz/49687556042/
108,49687546107,"['stephenmakin', 'march', 'nikond3300', '2020', 'italy', 'lazio', 'rome', 'roma', 'italia', 'travel', 'tree', 'storm', 'pine']",Distant storm,https://www.flickr.com/photos/steveinleightonsphotos/49687546107/
109,49687545927,[],Vatican,https://www.flickr.com/photos/149934425@N05/49687545927/
110,49686707548,[],Viola del pensiero.,https://www.flickr.com/photos/163177199@N03/49686707548/
111,49687543287,"['stephenmakin', 'march', 'nikond3300', '2020', 'italy', 'lazio', 'rome', 'roma', 'italia', 'travel', 'statue', 'sculpture', 'tourist', 'mausoleum', 'castle', 'roman']",Michael the Archangel,https://www.flickr.com/photos/steveinleightonsphotos/49687543287/
112,49687195386,"['e193', 'vectron', 'treviso', 'compagnia', 'ferroviaria', 'italiana', 'piadena']",E193.654 CFI,https://www.flickr.com/photos/128245547@N08/49687195386/
113,49686662113,"['stephenmakin', 'march', 'nikond3300', '2020', 'italy', 'lazio', 'rome', 'roma', 'italia', 'travel', 'statue', 'sculpture', 'window', 'mausoleum', 'castle']",Inside the Castel Sant'Angelo,https://www.flickr.com/photos/steveinleightonsphotos/49686662113/
114,49687477957,"['cogne', 'valledaosta', 'montagna', 'notturno']",Tipica abitazione montana.Cogne Valle d'Aosta.,https://www.flickr.com/photos/57768837@N04/49687477957/
115,49686642253,"['stephenmakin', 'march', 'nikond3300', '2020', 'italy', 'lazio', 'rome', 'roma', 'italia', 'travel', 'statue', 'sculpture', 'angel', 'castle']",Angel by Raffaello da Montelupo,https://www.flickr.com/photos/steveinleightonsphotos/49686642253/
116,49686627123,[],Cavalletta.,https://www.flickr.com/photos/163177199@N03/49686627123/
117,49686614593,"['cenefa', 'sombra', 'shadow', 'bergamo', 'italia', 'italy', 'guillermorelaño', 'sony', 'a7', 'a7m3', 'a7iii', 'alpha', 'ilce', 'alfa']",Cenefa,https://www.flickr.com/photos/viyelmo/49686614593/
118,49687139956,"['stephenmakin', 'march', 'nikond3300', '2020', 'italy', 'lazio', 'rome', 'roma', 'travel', 'italia', 'palace']",The Palazzo Senatorio (Senatorial Palace),https://www.flickr.com/photos/steveinleightonsphotos/49687139956/
119,49687434552,"['stephenmakin', 'march', 'nikond3300', '2020', 'italy', 'lazio', 'rome', 'roma', 'travel', 'italia', 'church', 'tree', 'bicycle', 'roman', 'column', 'pine', 'trajanscolumn']",Umbrella pines,https://www.flickr.com/photos/steveinleightonsphotos/49687434552/
120,49687122646,[],Vatican,https://www.flickr.com/photos/149934425@N05/49687122646/
121,49687304007,[],,https://www.flickr.com/photos/187603611@N08/49687304007/
122,49687303602,[],,https://www.flickr.com/photos/187603611@N08/49687303602/
123,49686469393,[],,https://www.flickr.com/photos/187603611@N08/49686469393/
124,49687000261,[],,https://www.flickr.com/photos/187603611@N08/49687000261/
125,49686999906,[],,https://www.flickr.com/photos/187603611@N08/49686999906/
126,49686998596,[],,https://www.flickr.com/photos/187603611@N08/49686998596/
127,49686461203,[],,https://www.flickr.com/photos/187603611@N08/49686461203/
128,49686994596,[],,https://www.flickr.com/photos/187603611@N08/49686994596/
129,49686994401,[],,https://www.flickr.com/photos/187603611@N08/49686994401/
130,49687294932,[],,https://www.flickr.com/photos/187603611@N08/49687294932/
131,49686460473,[],,https://www.flickr.com/photos/187603611@N08/49686460473/
132,49686993871,[],,https://www.flickr.com/photos/187603611@N08/49686993871/
133,49686460033,[],,https://www.flickr.com/photos/187603611@N08/49686460033/
134,49686586958,"['stephenmakin', 'march', 'nikond3300', '2020', 'italy', 'lazio', 'rome', 'roma', 'travel', 'italia', 'statue', 'sculpture', 'horse']",Statue of Castor,https://www.flickr.com/photos/steveinleightonsphotos/49686586958/
135,49687403267,"['montagna', 'mountain', 'neve', 'snow', 'linee', 'lines', 'bn', 'bw', 'rolleiflex', 'caserarazzo', 'vigodicadore']",Casera Razzo,https://www.flickr.com/photos/28013481@N06/49687403267/
136,49687348802,"['baccaresca', 'italia', 'italy', 'umbria', 'casolare', 'farmhouse', 'campagna', 'country', 'countryside', 'mattina', 'morning', 'alba', 'sunrise', 'ora', 'doro', 'golden', 'hour', 'nikon', 'viaggiare', 'travel', 'colline', 'hills', 'appennini']",Umbrian Farmhouse 02_01_20,https://www.flickr.com/photos/alessandrodozerfondaco/49687348802/
137,49687029096,"['europe', 'europa', 'italy', 'italia', 'trentino', 'fieradiprimiero', 'inverno', 'winter', '2019', 'costruzione', 'house', 'montagna', 'mountain', 'neve', 'snow', 'natura', 'nature', 'cielo', 'sky', 'colori', 'colors', 'foto', 'photo', 'nikon', 'd3s']",inverno (winter) 2019,https://www.flickr.com/photos/pjarc/49687029096/
138,49686482978,"['church', 'chiesadisanvalentino', 'italy', 'castelrotto', 'kastelruth', 'bolzano']",San Valentino,https://www.flickr.com/photos/128925878@N04/49686482978/
139,49686991341,"['e652', '165', 'mir', 'mercitalia', 'rail', 'incidente', 'centallo', 'trino', 'robilante', 'cemento', 'firenze', 'campo', 'di', 'marte', 'statuto', '652', 'tigre', 'klinker']",MIR E652.165 - Centallo,https://www.flickr.com/photos/taurus717/49686991341/
140,49686457838,"['lightpainting', 'longexposure', 'canoneos6d', 'tamron70300mm', 'stilllife', 'naturamorta']",Rose a fine carriera,https://www.flickr.com/photos/albertoferrero-photography/49686457838/
141,49686989296,"['legs', 'smile', 'girl', 'pomaia', 'majorette']",DSC_5347,https://www.flickr.com/photos/tenzinosel/49686989296/
142,49687289637,"['girl', 'leg', 'smile', 'majorette', 'pomaia']",DSC_5348,https://www.flickr.com/photos/tenzinosel/49687289637/
143,49686454773,"['spring', 'summer', 'pomaia', 'istitutolamatzongkhapa', 'countrylife']",DSC_5361,https://www.flickr.com/photos/tenzinosel/49686454773/
144,49686987961,"['summer', 'spring', 'pomaia', 'toscana', 'tuscany', 'istitutolamatzongkhapa']",DSC_5363,https://www.flickr.com/photos/tenzinosel/49686987961/
145,49686453753,"['spring', 'summer', 'istitutolamatzongkhapa', 'toscana', 'tuscany', 'countrylife']",DSC_5364,https://www.flickr.com/photos/tenzinosel/49686453753/
146,49687287682,"['spring', 'summer', 'pomaia', 'rondini', 'toscana', 'tuscany', 'istitutolamatzongkhapa', 'countrylife']",DSC_5366-2,https://www.flickr.com/photos/tenzinosel/49687287682/
147,49686416263,[],Esibizione di un momento,https://www.flickr.com/photos/146898413@N07/49686416263/
148,49686916241,"['metro', 'metropolitana', 'underground', 'city']",Story about UnderGround,https://www.flickr.com/photos/143441264@N05/49686916241/
149,49686909436,"['europe', 'europa', 'italy', 'italia', 'veneto', 'venezia', 'venice', 'venetian', 'venedig', 'tramonto', 'sunset', 'ultimo', 'last', '31', 'dicembre', 'december', '2019', 'colori', 'colors', 'bellezza', 'beautiful', 'chiesa', 'church', 'architecture', 'architettura', 'sacra', 'prospettiva', 'perspective', 'città', 'city', 'skyline', 'foto', 'photo', 'nikon', 'd3s']",ultimo tramonto,https://www.flickr.com/photos/pjarc/49686909436/
150,49686370668,"['uccelli', 'merlo']",Merlo - Turdus merula - Eurasian Blackbird,https://www.flickr.com/photos/vieribertola/49686370668/
151,49687200707,[],IMG_20180922_143256,https://www.flickr.com/photos/91769191@N03/49687200707/
152,49686895361,[],,https://www.flickr.com/photos/187603611@N08/49686895361/
153,49686362148,[],,https://www.flickr.com/photos/187603611@N08/49686362148/
154,49687195902,[],IMG_20180922_143747,https://www.flickr.com/photos/91769191@N03/49687195902/
155,49687193422,[],,https://www.flickr.com/photos/187603611@N08/49687193422/
156,49687192312,[],,https://www.flickr.com/photos/187603611@N08/49687192312/
157,49686887641,[],IMG_20180922_145052,https://www.flickr.com/photos/91769191@N03/49686887641/
158,49686354768,[],,https://www.flickr.com/photos/187603611@N08/49686354768/
159,49686353063,[],,https://www.flickr.com/photos/187603611@N08/49686353063/
160,49686881811,[],IMG_20180922_145209,https://www.flickr.com/photos/91769191@N03/49686881811/
161,49686877426,[],IMG_20180922_145432,https://www.flickr.com/photos/91769191@N03/49686877426/
162,49686873021,[],IMG_20180922_145836,https://www.flickr.com/photos/91769191@N03/49686873021/
163,49686334713,[],IMG_20180922_150454,https://www.flickr.com/photos/91769191@N03/49686334713/
164,49686861831,[],IMG_20180922_152337,https://www.flickr.com/photos/91769191@N03/49686861831/
165,49687158007,[],IMG_20180922_152519,https://www.flickr.com/photos/91769191@N03/49687158007/
166,49686318023,[],IMG_20180922_152540,https://www.flickr.com/photos/91769191@N03/49686318023/
167,49687147522,[],IMG_20180922_153022,https://www.flickr.com/photos/91769191@N03/49687147522/
168,49687166397,"['capriolo', 'roedeer', 'deer', 'chevreuil', 'italia', 'italie', 'italy', 'piemonte', 'piedmont', 'piémont', 'canavese', 'wildlife', 'lacittàmetropolitanaditorino']",Capriolo ♀️ (Capreolus capreolus),https://www.flickr.com/photos/orkoluca/49687166397/
169,49686864646,"['nabeul', 'tunisia', 'túnez', 'áfrica', 'marmediterraneo', 'mediterraneansea', 'mediterraneo', 'mar', 'sea']",Nabeul (Tunisia-Túnez),https://www.flickr.com/photos/sky_hlv/49686864646/
170,49687166077,"['nabeul', 'tunisia', 'túnez', 'áfrica', 'marmediterraneo', 'mediterraneansea', 'mediterraneo', 'mar', 'sea']",Nabeul (Tunisia-Túnez),https://www.flickr.com/photos/sky_hlv/49687166077/
171,49686864076,"['nabeul', 'tunisia', 'túnez', 'áfrica', 'marmediterraneo', 'mediterraneansea', 'mediterraneo', 'mar', 'sea']",Nabeul (Tunisia-Túnez),https://www.flickr.com/photos/sky_hlv/49686864076/
172,49686804941,"['hammamet', 'tunisia', 'túnez', 'áfrica', 'marmediterraneo', 'mediterraneansea', 'mediterraneo', 'mar', 'sea', 'aerialview', 'vistaaerea']",Hammamet (Tunisia-Tunez),https://www.flickr.com/photos/sky_hlv/49686804941/
173,49686270723,"['hammamet', 'tunisia', 'túnez', 'áfrica', 'marmediterraneo', 'mediterraneansea', 'mediterraneo', 'mar', 'sea', 'aerialview', 'vistaaerea']",Hammamet (Tunisia-Tunez),https://www.flickr.com/photos/sky_hlv/49686270723/
174,49686270343,"['hammamet', 'tunisia', 'túnez', 'áfrica', 'marmediterraneo', 'mediterraneansea', 'mediterraneo', 'mar', 'sea', 'aerialview', 'vistaaerea']",Hammamet (Tunisia-Tunez),https://www.flickr.com/photos/sky_hlv/49686270343/
175,49687104682,"['hammamet', 'tunisia', 'túnez', 'áfrica', 'marmediterraneo', 'mediterraneansea', 'mediterraneo', 'mar', 'sea', 'aerialview', 'vistaaerea']",Hammamet (Tunisia-Tunez),https://www.flickr.com/photos/sky_hlv/49687104682/
176,49686269723,"['hammamet', 'tunisia', 'túnez', 'áfrica', 'marmediterraneo', 'mediterraneansea', 'mediterraneo', 'mar', 'sea', 'aerialview', 'vistaaerea']",Hammamet (Tunisia-Tunez),https://www.flickr.com/photos/sky_hlv/49686269723/
177,49687104042,"['hammamet', 'tunisia', 'túnez', 'áfrica', 'marmediterraneo', 'mediterraneansea', 'mediterraneo', 'mar', 'sea', 'aerialview', 'vistaaerea']",Hammamet (Tunisia-Tunez),https://www.flickr.com/photos/sky_hlv/49687104042/
178,49687103797,"['hammamet', 'tunisia', 'túnez', 'áfrica', 'marmediterraneo', 'mediterraneansea', 'mediterraneo', 'mar', 'sea', 'aerialview', 'vistaaerea']",Hammamet (Tunisia-Tunez),https://www.flickr.com/photos/sky_hlv/49687103797/
179,49686254068,[],Et je t’offrirais des perles de pluie...,https://www.flickr.com/photos/petitedame/49686254068/
180,49687080777,"['crossdresser', 'tgirl', 'transgender', 'transvestite', 'travestito']",Milano - Via Conservatorio,https://www.flickr.com/photos/alessiacross/49687080777/
181,49687070987,[],20200304_120351X,https://www.flickr.com/photos/153800424@N02/49687070987/
182,49686769436,[],20200304_130830X,https://www.flickr.com/photos/153800424@N02/49686769436/
183,49686233753,[],20200304_141501X,https://www.flickr.com/photos/153800424@N02/49686233753/
184,49686232673,[],20200304_141505X,https://www.flickr.com/photos/153800424@N02/49686232673/
185,49687066837,[],20200304_144755x,https://www.flickr.com/photos/153800424@N02/49687066837/
186,49686765476,[],20200304_145036x,https://www.flickr.com/photos/153800424@N02/49686765476/
187,49686230918,"['sky', 'mountain', 'orange', 'sunset']",orange sky in the sunset,https://www.flickr.com/photos/187494676@N04/49686230918/
188,49686230433,[],20200304_160314x,https://www.flickr.com/photos/153800424@N02/49686230433/
189,49686229588,[],20200304_160935x,https://www.flickr.com/photos/153800424@N02/49686229588/
190,49687063712,[],20200304_162900x,https://www.flickr.com/photos/153800424@N02/49687063712/
191,49686761066,[],"Il micio di Place de la Forge (A piazzetta di a Stazzona), Pietrosella. Sentiero dal Col de Gradella a Pietrosella. Corse 2019",https://www.flickr.com/photos/142678369@N04/49686761066/
192,49686226343,[],"Il micio di Place de la Forge (A piazzetta di a Stazzona), Pietrosella. Sentiero dal Col de Gradella a Pietrosella. Corse 2019",https://www.flickr.com/photos/142678369@N04/49686226343/
193,49686760411,[],"Il micio di Place de la Forge (A piazzetta di a Stazzona), Pietrosella. Sentiero dal Col de Gradella a Pietrosella. Corse 2019",https://www.flickr.com/photos/142678369@N04/49686760411/
194,49686745896,"['auto', 'goetzinger', 'nikon', 'car', 'automobil', 'ferrari', 'museum', 'modena', 'italy', 'f1', 'formula1', 'racing', 'sccuderia', 'rosso', 'rossa', 'd800']",Museo Enzo Ferrari,https://www.flickr.com/photos/guygoetzinger/49686745896/
195,16533715024,"['simplysuperb', 'bologna', 'nikon', 'city', 'street', 'travel', 'elitephotography', 'portici', 'afotando', 'europa', 'tourism', 'italia', 'colonna', 'europe', 'flickr', 'italy', 'architecture', 'monocromo', 'light', 'sepia', 'alice240', 'monochrome', 'atelier240art', 'magic', 'dream', 'alicealicjacieliczka', 'art', 'poetry', 'ngc', 'nationalgeographic', 'dark', 'cinema', 'film', 'artistic', 'creative', 'retro', 'vintage']",street.Bologna.it,https://www.flickr.com/photos/alice240/16533715024/
196,49687046242,[],IMG_3391-1,https://www.flickr.com/photos/187113434@N08/49687046242/
197,49686720566,[],Antico forno del pane a Pietrosella. Sentiero dal Col de Gradella a Pietrosella. Corse 2019,https://www.flickr.com/photos/142678369@N04/49686720566/
198,49686715176,[],Lunaria annua (Monete del Papa) a Pietrosella. Sentiero dal Col de Gradella a Pietrosella. Corse 2019,https://www.flickr.com/photos/142678369@N04/49686715176/
199,49686165123,"['rally', 'due', '2', 'valli', '2018', 'rossetti', 'mori', 'crugnola', 'fappani', 'andreucci', 'andreussi', 'andriolo', 'scopel', 'guagliardo', 'roncà', 'ca', 'del', 'diaolo', 'hyundai', 'i20', 'r5', 'ford', 'fiesta', 'peugeot', '208', 't16', 'porsche', '911', 'shakedown', 'illasi']",36. Rally Due Valli - Rossetti-Mori,https://www.flickr.com/photos/racem/49686165123/
200,49686699006,"['rally', 'due', '2', 'valli', '2018', 'rossetti', 'mori', 'crugnola', 'fappani', 'andreucci', 'andreussi', 'andriolo', 'scopel', 'guagliardo', 'roncà', 'ca', 'del', 'diaolo', 'hyundai', 'i20', 'r5', 'ford', 'fiesta', 'peugeot', '208', 't16', 'porsche', '911', 'shakedown', 'illasi']",36. Rally Due Valli - Crugnola-Fappani,https://www.flickr.com/photos/racem/49686699006/
201,49686999097,"['rally', 'due', '2', 'valli', '2018', 'rossetti', 'mori', 'crugnola', 'fappani', 'andreucci', 'andreussi', 'andriolo', 'scopel', 'guagliardo', 'roncà', 'ca', 'del', 'diaolo', 'hyundai', 'i20', 'r5', 'ford', 'fiesta', 'peugeot', '208', 't16', 'porsche', '911', 'shakedown', 'illasi']",36. Rally Due Valli - Andreucci-Andreussi,https://www.flickr.com/photos/racem/49686999097/
202,49686164833,"['rally', 'due', '2', 'valli', '2018', 'rossetti', 'mori', 'crugnola', 'fappani', 'andreucci', 'andreussi', 'andriolo', 'scopel', 'guagliardo', 'roncà', 'ca', 'del', 'diaolo', 'hyundai', 'i20', 'r5', 'ford', 'fiesta', 'peugeot', '208', 't16', 'porsche', '911', 'shakedown', 'illasi']",36. Rally Due Valli - Andriolo-Scopel,https://www.flickr.com/photos/racem/49686164833/
203,49686698786,"['rally', 'due', '2', 'valli', '2018', 'rossetti', 'mori', 'crugnola', 'fappani', 'andreucci', 'andreussi', 'andriolo', 'scopel', 'guagliardo', 'roncà', 'ca', 'del', 'diaolo', 'hyundai', 'i20', 'r5', 'ford', 'fiesta', 'peugeot', '208', 't16', 'porsche', '911', 'shakedown', 'illasi']",13. Rally 2 Valli Historic - Guagliardo-Granata,https://www.flickr.com/photos/racem/49686698786/
204,49686698671,"['ronde', 'rally', 'città', 'del', 'palladio', '2018', 'trissino', 'selva', 'san', 'benedetto', 'de', 'tommaso', 'signor', 'bernardi', 'bianco', 'lamonato', 'castello', 'zanet', 'peugeot', '208', 't16', 'r5', 'skoda', 'fabia', 'r2']",9. Ronde Città del Palladio - De Tommaso-Ferrara,https://www.flickr.com/photos/racem/49686698671/
205,49686698551,"['ronde', 'rally', 'città', 'del', 'palladio', '2018', 'trissino', 'selva', 'san', 'benedetto', 'de', 'tommaso', 'signor', 'bernardi', 'bianco', 'lamonato', 'castello', 'zanet', 'peugeot', '208', 't16', 'r5', 'skoda', 'fabia', 'r2']",9. Ronde Città del Palladio - Bianco-Lamonato,https://www.flickr.com/photos/racem/49686698551/
206,49686998652,"['ronde', 'rally', 'città', 'del', 'palladio', '2018', 'trissino', 'selva', 'san', 'benedetto', 'de', 'tommaso', 'signor', 'bernardi', 'bianco', 'lamonato', 'castello', 'zanet', 'peugeot', '208', 't16', 'r5', 'skoda', 'fabia', 'r2']",9. Ronde Città del Palladio - Signor-Pollet,https://www.flickr.com/photos/racem/49686998652/
207,49686698446,"['ronde', 'rally', 'città', 'del', 'palladio', '2018', 'trissino', 'selva', 'san', 'benedetto', 'de', 'tommaso', 'signor', 'bernardi', 'bianco', 'lamonato', 'castello', 'zanet', 'peugeot', '208', 't16', 'r5', 'skoda', 'fabia', 'r2']",9. Ronde Città del Palladio - Dal Castello-Zanet,https://www.flickr.com/photos/racem/49686698446/
208,49686698386,"['prealpi', 'master', 'show', 'ronde', 'trevigiane', '2018', 'sernaglia', 'shakedown', 'skoda', 'fabia', 'r5', 'peugeot', '207', 's2000', 'renault', 'clio', 'r3', 'marchioro', 'marchetti', 'trentin', 'de', 'marco', 'merli', 'tomasi', 'vagnini', 'zanchetta']",20. Prealpi Master Show - Marchioro-Marchetti,https://www.flickr.com/photos/racem/49686698386/
209,49686998462,"['prealpi', 'master', 'show', 'ronde', 'trevigiane', '2018', 'sernaglia', 'shakedown', 'skoda', 'fabia', 'r5', 'peugeot', '207', 's2000', 'renault', 'clio', 'r3', 'marchioro', 'marchetti', 'trentin', 'de', 'marco', 'merli', 'tomasi', 'vagnini', 'zanchetta']",20. Prealpi Master Show - Trentin-De Marco,https://www.flickr.com/photos/racem/49686998462/
210,49686164363,"['prealpi', 'master', 'show', 'ronde', 'trevigiane', '2018', 'sernaglia', 'shakedown', 'skoda', 'fabia', 'r5', 'peugeot', '207', 's2000', 'renault', 'clio', 'r3', 'marchioro', 'marchetti', 'trentin', 'de', 'marco', 'merli', 'tomasi', 'vagnini', 'zanchetta']",20. Prealpi Master Show - Merli-Tomasi,https://www.flickr.com/photos/racem/49686164363/
211,49686698236,"['prealpi', 'master', 'show', 'ronde', 'trevigiane', '2018', 'sernaglia', 'shakedown', 'skoda', 'fabia', 'r5', 'peugeot', '207', 's2000', 'renault', 'clio', 'r3', 'marchioro', 'marchetti', 'trentin', 'de', 'marco', 'merli', 'tomasi', 'vagnini', 'zanchetta']",20. Prealpi Master Show - Marchioro-Dall'Olmo,https://www.flickr.com/photos/racem/49686698236/
212,49686998317,"['prealpi', 'master', 'show', 'ronde', 'trevigiane', '2018', 'sernaglia', 'shakedown', 'skoda', 'fabia', 'r5', 'peugeot', '207', 's2000', 'renault', 'clio', 'r3', 'marchioro', 'marchetti', 'trentin', 'de', 'marco', 'merli', 'tomasi', 'vagnini', 'zanchetta']",20. Prealpi Master Show - Vagnini-Zanchetta,https://www.flickr.com/photos/racem/49686998317/
213,49686644536,"['calacipolla', 'sardegna', 'sardinia', 'mare', 'see', 'acqua', 'water', 'wasser', 'estate', 'sommer', 'summer', 'faro', 'lighthouse', 'lichtturm']",,https://www.flickr.com/photos/kry_star/49686644536/
214,49686328198,"['sunset', 'tramonto', 'trieste', 'fvg', 'scattering', 'diffusione', 'fotoni', 'rayleigh', 'colori', 'colore', 'sky', 'cielo']",Scattering di Rayleigh e i colori del cielo,https://www.flickr.com/photos/141844326@N05/49686328198/
215,49686162968,"['rome', 'roma', 'italy', 'italie', 'italia', 'nikond3000']","Rome, Italie",https://www.flickr.com/photos/187510113@N06/49686162968/
216,49686993042,"['rome', 'roma', 'italy', 'italie', 'italia', 'nikond3000']","Rome, Italie",https://www.flickr.com/photos/187510113@N06/49686993042/
217,49686990152,"['rome', 'roma', 'italy', 'italie', 'italia', 'nikond3000']","Rome, Italie",https://www.flickr.com/photos/187510113@N06/49686990152/
218,49686681511,"['primierosanmartinodicastrozz', 'trento', 'italy']",On Top Of the World,https://www.flickr.com/photos/ricksunamoto/49686681511/
219,49686135378,[],"Tramonto lungo il Po, al Parco Le Vallere; la zona prese il nome di 'Le Vallere' dagli avvallamenti lasciati sul terreno in seguito alla costruzione di terrapieni fortificati, ai tempi della prima occupazione francese del Piemonte (1541). Torino, Italia",https://www.flickr.com/photos/142678369@N04/49686135378/
220,49686666926,[],"Parco Le Vallere; la zona prese il nome di 'Le Vallere' dai numerosi avvallamenti lasciati sul terreno in seguito alla costruzione di terrapieni fortificati, ai tempi della prima occupazione francese del Piemonte (1541). Torino, Italia.",https://www.flickr.com/photos/142678369@N04/49686666926/
221,49686945772,[],"Passeggiata nel 'Bosco magico' di Villarbasse (Torino), Val Sangone, Piemonte, Italia.",https://www.flickr.com/photos/142678369@N04/49686945772/
222,49686945737,[],"Il sottobosco tutto fiorito! Passeggiata nel 'Bosco magico' di Villarbasse (Torino), Val Sangone, Piemonte, Italia.",https://www.flickr.com/photos/142678369@N04/49686945737/
223,49686636396,[],Zirbe Edelweiß 1,https://www.flickr.com/photos/159895094@N06/49686636396/
224,49686630336,[],Zirbe Edelweiß 2,https://www.flickr.com/photos/159895094@N06/49686630336/
225,49686927712,"['montagna', 'mountain', 'neve', 'snow', 'rolleiflex', 'bn', 'bw', 'caserarazzo', 'vigodicadore']",Due mesi dopo...,https://www.flickr.com/photos/28013481@N06/49686927712/
226,49686923962,[],Zirbe Edelweiß 3,https://www.flickr.com/photos/159895094@N06/49686923962/
227,49686919722,[],"LIBERTY A TORINO - Villa Scott, corso Lanza 57. Progetto (1902) dell’Ingegner Pietro Fenoglio (1865 Torino - 1927 Corio).",https://www.flickr.com/photos/142678369@N04/49686919722/
228,49686084823,[],"LIBERTY A TORINO - Particolare del bovindo, Villa Scott, corso Lanza 57. Progetto (1902) dellâIngegner Pietro Fenoglio (1865 Torino - 1927 Corio).",https://www.flickr.com/photos/142678369@N04/49686084823/
229,49686612596,[],Virtuosismi di un cielo inquieto III,https://www.flickr.com/photos/146898413@N07/49686612596/
230,49686889707,"['croatia', 'hrvatska', 'chorvatsko', 'peljesac', 'dingac', 'borak', 'canon', 'canoneos70d', 'canonef1740mmf4lusm', 'sea', 'sun', 'sunset']",.,https://www.flickr.com/photos/37626703@N04/49686889707/
231,49686036143,"['canon', 'powershot', 'g7x', 'rawtherapee', 'gimp', 'street', 'noir', 'noirblanc', 'noiretblanc', 'black', 'blackwhite', 'monochrome', 'rue', 'via', 'strada', 'côme', 'como', 'italie', 'italia', 'fête', 'festa', 'lago', 'lagodicomo']",Una Festa A Como,https://www.flickr.com/photos/38470583@N05/49686036143/
232,49686016548,[],Vivalto Trenord,https://www.flickr.com/photos/samu90/49686016548/
233,49686008533,"['acuarela', 'arquitectura', 'barcas', 'figuras', 'gente', 'inkandwatercolor', 'iglesia', 'inkandwatercolour', 'landscape', 'monumentos', 'urbansketcher', 'urbansketching', 'watercolor', 'venecia']",Venecia,https://www.flickr.com/photos/pbarahona/49686008533/
234,49686511246,[],Nabeul (Tunez),https://www.flickr.com/photos/sky_hlv/49686511246/
235,49686505491,"['triglav', 'slovenia', 'slovenija', 'julijskealpe', 'julianalps', 'alps', 'mountains', 'winter', 'snow', 'zima', 'sneg', 'gore', 'clouds', 'oblaki']",Triglav,https://www.flickr.com/photos/29022619@N03/49686505491/
236,49686489976,"['architecture', 'noiretblanc', 'bw', 'monochrome', 'bâtiment', 'arcade', 'colonne', 'patrimoine', 'basilique', 'clocher', 'église', 'church', 'statue']",les observateurs !,https://www.flickr.com/photos/kleche/49686489976/
237,49686471871,"['galaxy', 'jeudi', 'lausanne', 's9', 'samsung']","Quartier du Flon, Lausanne",https://www.flickr.com/photos/151600984@N08/49686471871/
238,49686464661,[],Plitvice Lakes National Park 89,https://www.flickr.com/photos/qualitybob/49686464661/
239,49686748847,"['d3400', 'nikon', 'suisse', 'vaud', 'vevey']",Corsier-sur-Vevey,https://www.flickr.com/photos/151600984@N08/49686748847/
240,49685844933,"['südtirol', '2018', 'dezember', 'sterzing', 'meran', 'brixen', 'christkindlmarkt', 'weihnachtsmarkt', 'italien', '“helmut', 'hoffmann”', '“bcspress”']",2018_Dez_Südtirol_150,https://www.flickr.com/photos/hoffmann-bcs/49685844933/
241,49686677667,"['südtirol', '2018', 'dezember', 'sterzing', 'meran', 'brixen', 'christkindlmarkt', 'weihnachtsmarkt', 'italien', '“helmut', 'hoffmann”', '“bcspress”']",2018_Dez_Südtirol_151,https://www.flickr.com/photos/hoffmann-bcs/49686677667/
242,49686375501,"['südtirol', '2018', 'dezember', 'sterzing', 'meran', 'brixen', 'christkindlmarkt', 'weihnachtsmarkt', 'italien', '“helmut', 'hoffmann”', '“bcspress”']",2018_Dez_Südtirol_152,https://www.flickr.com/photos/hoffmann-bcs/49686375501/
243,49686375466,"['südtirol', '2018', 'dezember', 'sterzing', 'meran', 'brixen', 'christkindlmarkt', 'weihnachtsmarkt', 'italien', '“helmut', 'hoffmann”', '“bcspress”']",2018_Dez_Südtirol_153,https://www.flickr.com/photos/hoffmann-bcs/49686375466/
244,49685844748,"['südtirol', '2018', 'dezember', 'sterzing', 'meran', 'brixen', 'christkindlmarkt', 'weihnachtsmarkt', 'italien', '“helmut', 'hoffmann”', '“bcspress”']",2018_Dez_Südtirol_154,https://www.flickr.com/photos/hoffmann-bcs/49685844748/
245,49687493598,"['trainspoig', 'trainspo', 'it', 'ti', 'itti', 'trenitalia', 'trenitaliapasseggeri', 'tidpni', 'tipax', 'trenitaliapax', 'trenitaliadpni', 'locomotiva', 'locomotivaelettrica', 'locomotivae402b', 'e402b', 'fse402b', 'tie402b', 'e402', 'soferansaldo', 'sofer', 'ansaldo', 'sofere402b', 'ansaldoe402b', 'italia', 'puglia', 'giovinazzo', 'foggiabari', 'e402135', 'tie402135', 'fse402135', 'livreaic', 'ic612', 'ic', 'intercity', '612']",E402.135,https://www.flickr.com/photos/iannelli_giorgio/49687493598/
246,49687092496,[],Porto Ferro,https://www.flickr.com/photos/161524183@N04/49687092496/
247,49686379478,[],,https://www.flickr.com/photos/187603611@N08/49686379478/
248,49686377603,[],,https://www.flickr.com/photos/187603611@N08/49686377603/
249,49686306858,[],,https://www.flickr.com/photos/187603611@N08/49686306858/
